player,runs,balls,maiden,4s,6s,sr,match,team
Michael van Lingen,3,6,7,0,0,50.00,Namibia vs Sri Lanka,Namibia
Divan la Cock,9,9,15,1,0,100.00,Namibia vs Sri Lanka,Namibia
Jan Nicol Loftie-Eaton,20,12,18,1,2,166.66,Namibia vs Sri Lanka,Namibia
Stephan Baard,26,24,49,2,0,108.33,Namibia vs Sri Lanka,Namibia
Gerhard Erasmus (c),20,24,30,0,0,83.33,Namibia vs Sri Lanka,Namibia
Jan Frylinck,44,28,44,4,0,157.14,Namibia vs Sri Lanka,Namibia
David Wiese,0,1,4,0,0,0.00,Namibia vs Sri Lanka,Namibia
JJ Smit,31,16,29,2,2,193.75,Namibia vs Sri Lanka,Namibia
Pathum Nissanka,9,10,16,1,0,90.00,Namibia vs Sri Lanka,Sri Lanka
Kusal Mendis †,6,6,8,0,0,100.00,Namibia vs Sri Lanka,Sri Lanka
Dhananjaya de Silva,12,11,25,1,0,109.09,Namibia vs Sri Lanka,Sri Lanka
Danushka Gunathilaka,0,1,2,0,0,0.00,Namibia vs Sri Lanka,Sri Lanka
Bhanuka Rajapaksa,20,21,39,2,0,95.23,Namibia vs Sri Lanka,Sri Lanka
Dasun Shanaka (c),29,23,37,2,1,126.08,Namibia vs Sri Lanka,Sri Lanka
Wanindu Hasaranga de Silva,4,8,9,0,0,50.00,Namibia vs Sri Lanka,Sri Lanka
Chamika Karunaratne,5,8,15,0,0,62.50,Namibia vs Sri Lanka,Sri Lanka
Pramod Madushan,0,0,4,0,0,-,Namibia vs Sri Lanka,Sri Lanka
Dushmantha Chameera,8,15,20,0,0,53.33,Namibia vs Sri Lanka,Sri Lanka
Maheesh Theekshana,11,11,14,0,1,100.00,Namibia vs Sri Lanka,Sri Lanka
Chirag Suri,12,20,28,1,0,60.00,United Arab Emirates vs Netherlands,United Arab Emirates
Muhammad Waseem,41,47,71,1,2,87.23,United Arab Emirates vs Netherlands,United Arab Emirates
Kashif Daud,15,14,19,0,1,107.14,United Arab Emirates vs Netherlands,United Arab Emirates
Vriitya Aravind †,18,21,37,0,0,85.71,United Arab Emirates vs Netherlands,United Arab Emirates
Zawar Farid,2,4,8,0,0,50.00,United Arab Emirates vs Netherlands,United Arab Emirates
Basil Hameed,4,4,7,1,0,100.00,United Arab Emirates vs Netherlands,United Arab Emirates
Chundangapoyil Rizwan (c),1,2,7,0,0,50.00,United Arab Emirates vs Netherlands,United Arab Emirates
Aayan Afzal Khan,5,7,8,0,0,71.42,United Arab Emirates vs Netherlands,United Arab Emirates
Karthik Meiyappan,0,0,4,0,0,-,United Arab Emirates vs Netherlands,United Arab Emirates
Junaid Siddique,0,1,1,0,0,0.00,United Arab Emirates vs Netherlands,United Arab Emirates
Vikramjit Singh,10,7,8,2,0,142.85,United Arab Emirates vs Netherlands,Netherlands
Max O'Dowd,23,18,25,3,1,127.77,United Arab Emirates vs Netherlands,Netherlands
Bas de Leede,14,18,37,1,0,77.77,United Arab Emirates vs Netherlands,Netherlands
Colin Ackermann,17,19,33,1,0,89.47,United Arab Emirates vs Netherlands,Netherlands
Tom Cooper,8,16,22,0,0,50.00,United Arab Emirates vs Netherlands,Netherlands
Scott Edwards (c)†,16,19,42,0,0,84.21,United Arab Emirates vs Netherlands,Netherlands
Roelof van der Merwe,0,2,4,0,0,0.00,United Arab Emirates vs Netherlands,Netherlands
Tim Pringle,15,16,26,0,0,93.75,United Arab Emirates vs Netherlands,Netherlands
Logan van Beek,4,4,7,0,0,100.00,United Arab Emirates vs Netherlands,Netherlands
George Munsey,66,53,106,9,0,124.52,Scotland vs West Indies,Scotland
Michael Jones,20,17,36,3,0,117.64,Scotland vs West Indies,Scotland
Matthew Cross †,3,5,10,0,0,60.00,Scotland vs West Indies,Scotland
Richie Berrington (c),16,14,21,0,1,114.28,Scotland vs West Indies,Scotland
Calum MacLeod,23,14,15,4,0,164.28,Scotland vs West Indies,Scotland
Michael Leask,4,6,8,0,0,66.66,Scotland vs West Indies,Scotland
Chris Greaves,16,11,19,2,0,145.45,Scotland vs West Indies,Scotland
Kyle Mayers,20,13,12,3,1,153.84,Scotland vs West Indies,West Indies
Evin Lewis,14,13,30,1,1,107.69,Scotland vs West Indies,West Indies
Brandon King,17,15,24,3,0,113.33,Scotland vs West Indies,West Indies
Nicholas Pooran (c)†,5,9,14,0,0,55.55,Scotland vs West Indies,West Indies
Shamarh Brooks,4,9,24,0,0,44.44,Scotland vs West Indies,West Indies
Rovman Powell,5,6,12,0,0,83.33,Scotland vs West Indies,West Indies
Jason Holder,38,33,37,4,1,115.15,Scotland vs West Indies,West Indies
Akeal Hosein,1,1,4,0,0,100.00,Scotland vs West Indies,West Indies
Alzarri Joseph,0,1,4,0,0,0.00,Scotland vs West Indies,West Indies
Odean Smith,5,8,14,0,0,62.50,Scotland vs West Indies,West Indies
Obed McCoy,2,3,10,0,0,66.66,Scotland vs West Indies,West Indies
Regis Chakabva †,0,2,3,0,0,0.00,Zimbabwe vs Ireland,Zimbabwe
Craig Ervine (c),9,12,28,1,0,75.00,Zimbabwe vs Ireland,Zimbabwe
Wessly Madhevere,22,19,22,4,0,115.78,Zimbabwe vs Ireland,Zimbabwe
Sean Williams,12,11,24,0,1,109.09,Zimbabwe vs Ireland,Zimbabwe
Sikandar Raza,82,48,72,5,5,170.83,Zimbabwe vs Ireland,Zimbabwe
Milton Shumba,16,14,26,1,0,114.28,Zimbabwe vs Ireland,Zimbabwe
Ryan Burl,1,4,9,0,0,25.00,Zimbabwe vs Ireland,Zimbabwe
Luke Jongwe,20,10,14,3,0,200.00,Zimbabwe vs Ireland,Zimbabwe
Paul Stirling,0,2,3,0,0,0.00,Zimbabwe vs Ireland,Ireland
Andy Balbirnie (c),3,4,20,0,0,75.00,Zimbabwe vs Ireland,Ireland
Lorcan Tucker †,11,11,10,2,0,100.00,Zimbabwe vs Ireland,Ireland
Harry Tector,1,4,5,0,0,25.00,Zimbabwe vs Ireland,Ireland
Curtis Campher,27,22,41,1,0,122.72,Zimbabwe vs Ireland,Ireland
George Dockrell,24,20,25,3,0,120.00,Zimbabwe vs Ireland,Ireland
Gareth Delany,24,20,23,1,1,120.00,Zimbabwe vs Ireland,Ireland
Mark Adair,9,10,18,0,1,90.00,Zimbabwe vs Ireland,Ireland
Simi Singh,0,1,1,0,0,0.00,Zimbabwe vs Ireland,Ireland
Barry McCarthy,22,16,23,1,2,137.50,Zimbabwe vs Ireland,Ireland
Josh Little,7,11,17,1,0,63.63,Zimbabwe vs Ireland,Ireland
Michael van Lingen,20,19,20,3,0,105.26,Namibia vs Netherlands,Namibia
Divan la Cock,0,2,5,0,0,0.00,Namibia vs Netherlands,Namibia
Stephan Baard,19,22,46,0,0,86.36,Namibia vs Netherlands,Namibia
Jan Nicol Loftie-Eaton,0,2,3,0,0,0.00,Namibia vs Netherlands,Namibia
Jan Frylinck,43,48,63,1,1,89.58,Namibia vs Netherlands,Namibia
Gerhard Erasmus (c),16,18,37,0,0,88.88,Namibia vs Netherlands,Namibia
David Wiese,11,5,8,1,0,220.00,Namibia vs Netherlands,Namibia
JJ Smit,5,4,6,1,0,125.00,Namibia vs Netherlands,Namibia
Max O'Dowd,35,35,59,1,1,100.00,Namibia vs Netherlands,Netherlands
Vikramjit Singh,39,31,37,3,2,125.80,Namibia vs Netherlands,Netherlands
Bas de Leede,30,30,51,2,0,100.00,Namibia vs Netherlands,Netherlands
Tom Cooper,6,6,7,1,0,100.00,Namibia vs Netherlands,Netherlands
Colin Ackermann,0,2,2,0,0,0.00,Namibia vs Netherlands,Netherlands
Scott Edwards (c)†,1,5,5,0,0,20.00,Namibia vs Netherlands,Netherlands
Tim Pringle,8,9,14,0,0,88.88,Namibia vs Netherlands,Netherlands
Pathum Nissanka,74,60,105,6,2,123.33,Sri Lanka vs United Arab Emirates,Sri Lanka
Kusal Mendis †,18,13,24,2,0,138.46,Sri Lanka vs United Arab Emirates,Sri Lanka
Dhananjaya de Silva,33,21,30,3,1,157.14,Sri Lanka vs United Arab Emirates,Sri Lanka
Bhanuka Rajapaksa,5,8,19,0,0,62.50,Sri Lanka vs United Arab Emirates,Sri Lanka
Charith Asalanka,0,1,2,0,0,0.00,Sri Lanka vs United Arab Emirates,Sri Lanka
Dasun Shanaka (c),0,1,2,0,0,0.00,Sri Lanka vs United Arab Emirates,Sri Lanka
Wanindu Hasaranga de Silva,2,3,3,0,0,66.66,Sri Lanka vs United Arab Emirates,Sri Lanka
Chamika Karunaratne,8,11,22,1,0,72.72,Sri Lanka vs United Arab Emirates,Sri Lanka
Pramod Madushan,1,1,4,0,0,100.00,Sri Lanka vs United Arab Emirates,Sri Lanka
Dushmantha Chameera,1,1,2,0,0,100.00,Sri Lanka vs United Arab Emirates,Sri Lanka
Muhammad Waseem,2,4,13,0,0,50.00,Sri Lanka vs United Arab Emirates,United Arab Emirates
Chirag Suri,14,19,31,3,0,73.68,Sri Lanka vs United Arab Emirates,United Arab Emirates
Aryan Lakra,1,3,4,0,0,33.33,Sri Lanka vs United Arab Emirates,United Arab Emirates
Chundangapoyil Rizwan (c),1,3,8,0,0,33.33,Sri Lanka vs United Arab Emirates,United Arab Emirates
Vriitya Aravind †,9,18,26,1,0,50.00,Sri Lanka vs United Arab Emirates,United Arab Emirates
Basil Hameed,2,6,14,0,0,33.33,Sri Lanka vs United Arab Emirates,United Arab Emirates
Aayan Afzal Khan,19,21,33,1,0,90.47,Sri Lanka vs United Arab Emirates,United Arab Emirates
Kashif Daud,0,4,8,0,0,0.00,Sri Lanka vs United Arab Emirates,United Arab Emirates
Karthik Meiyappan,4,8,11,0,0,50.00,Sri Lanka vs United Arab Emirates,United Arab Emirates
Junaid Siddique,18,16,22,1,1,112.50,Sri Lanka vs United Arab Emirates,United Arab Emirates
Zahoor Khan,1,1,15,0,0,100.00,Sri Lanka vs United Arab Emirates,United Arab Emirates
George Munsey,1,2,9,0,0,50.00,Scotland vs Ireland,Scotland
Michael Jones,86,55,95,6,4,156.36,Scotland vs Ireland,Scotland
Matthew Cross †,28,21,33,5,0,133.33,Scotland vs Ireland,Scotland
Richie Berrington (c),37,27,39,3,1,137.03,Scotland vs Ireland,Scotland
Michael Leask,17,13,19,2,0,130.76,Scotland vs Ireland,Scotland
Calum MacLeod,0,3,6,0,0,0.00,Scotland vs Ireland,Scotland
Paul Stirling,8,10,22,1,0,80.00,Scotland vs Ireland,Ireland
Andy Balbirnie (c),14,12,15,2,0,116.66,Scotland vs Ireland,Ireland
Lorcan Tucker †,20,17,28,2,0,117.64,Scotland vs Ireland,Ireland
Harry Tector,14,16,23,1,0,87.50,Scotland vs Ireland,Ireland
Curtis Campher,72,32,48,7,2,225.00,Scotland vs Ireland,Ireland
George Dockrell,39,27,42,4,1,144.44,Scotland vs Ireland,Ireland
Kyle Mayers,13,12,17,2,0,108.33,West Indies vs Zimbabwe,West Indies
Johnson Charles,45,36,60,3,2,125.00,West Indies vs Zimbabwe,West Indies
Evin Lewis,15,18,28,1,0,83.33,West Indies vs Zimbabwe,West Indies
Nicholas Pooran (c)†,7,9,10,0,0,77.77,West Indies vs Zimbabwe,West Indies
Rovman Powell,28,21,40,1,2,133.33,West Indies vs Zimbabwe,West Indies
Shamarh Brooks,0,3,5,0,0,0.00,West Indies vs Zimbabwe,West Indies
Jason Holder,4,3,3,0,0,133.33,West Indies vs Zimbabwe,West Indies
Akeal Hosein,23,18,31,2,0,127.77,West Indies vs Zimbabwe,West Indies
Odean Smith,1,2,2,0,0,50.00,West Indies vs Zimbabwe,West Indies
Wessly Madhevere,27,19,37,3,1,142.10,West Indies vs Zimbabwe,Zimbabwe
Regis Chakabva (c)†,13,9,14,3,0,144.44,West Indies vs Zimbabwe,Zimbabwe
Tony Munyonga,2,6,12,0,0,33.33,West Indies vs Zimbabwe,Zimbabwe
Sean Williams,1,2,4,0,0,50.00,West Indies vs Zimbabwe,Zimbabwe
Sikandar Raza,14,8,12,1,1,175.00,West Indies vs Zimbabwe,Zimbabwe
Milton Shumba,2,9,20,0,0,22.22,West Indies vs Zimbabwe,Zimbabwe
Ryan Burl,17,19,30,3,0,89.47,West Indies vs Zimbabwe,Zimbabwe
Luke Jongwe,29,22,31,3,1,131.81,West Indies vs Zimbabwe,Zimbabwe
Richard Ngarava,2,6,11,0,0,33.33,West Indies vs Zimbabwe,Zimbabwe
Tendai Chatara,3,8,12,0,0,37.50,West Indies vs Zimbabwe,Zimbabwe
Blessing Muzarabani,1,4,4,0,0,25.00,West Indies vs Zimbabwe,Zimbabwe
Pathum Nissanka,14,21,25,0,1,66.66,Sri Lanka vs Netherlands,Sri Lanka
Kusal Mendis †,79,44,94,5,5,179.54,Sri Lanka vs Netherlands,Sri Lanka
Dhananjaya de Silva,0,1,2,0,0,0.00,Sri Lanka vs Netherlands,Sri Lanka
Charith Asalanka,31,30,38,3,0,103.33,Sri Lanka vs Netherlands,Sri Lanka
Bhanuka Rajapaksa,19,13,18,2,0,146.15,Sri Lanka vs Netherlands,Sri Lanka
Dasun Shanaka (c),8,5,9,0,1,160.00,Sri Lanka vs Netherlands,Sri Lanka
Wanindu Hasaranga de Silva,5,4,8,0,0,125.00,Sri Lanka vs Netherlands,Sri Lanka
Chamika Karunaratne,2,2,4,0,0,100.00,Sri Lanka vs Netherlands,Sri Lanka
Max O'Dowd,71,53,99,6,3,133.96,Sri Lanka vs Netherlands,Netherlands
Vikramjit Singh,7,14,18,0,0,50.00,Sri Lanka vs Netherlands,Netherlands
Bas de Leede,14,10,12,1,1,140.00,Sri Lanka vs Netherlands,Netherlands
Colin Ackermann,0,1,4,0,0,0.00,Sri Lanka vs Netherlands,Netherlands
Tom Cooper,16,19,23,2,0,84.21,Sri Lanka vs Netherlands,Netherlands
Scott Edwards (c)†,21,15,16,3,0,140.00,Sri Lanka vs Netherlands,Netherlands
Tim Pringle,2,4,8,0,0,50.00,Sri Lanka vs Netherlands,Netherlands
Timm van der Gugten,0,1,2,0,0,0.00,Sri Lanka vs Netherlands,Netherlands
Fred Klaassen,3,3,5,0,0,100.00,Sri Lanka vs Netherlands,Netherlands
Paul van Meekeren,0,0,4,0,0,-,Sri Lanka vs Netherlands,Netherlands
Roelof van der Merwe,0,1,14,0,0,0.00,Sri Lanka vs Netherlands,Netherlands
Muhammad Waseem,50,41,66,1,3,121.95,United Arab Emirates vs Namibia,United Arab Emirates
Vriitya Aravind †,21,32,34,2,0,65.62,United Arab Emirates vs Namibia,United Arab Emirates
Chundangapoyil Rizwan (c),43,29,55,3,1,148.27,United Arab Emirates vs Namibia,United Arab Emirates
Alishan Sharafu,4,4,10,0,0,100.00,United Arab Emirates vs Namibia,United Arab Emirates
Basil Hameed,25,14,13,2,2,178.57,United Arab Emirates vs Namibia,United Arab Emirates
Michael van Lingen,10,8,14,1,0,125.00,United Arab Emirates vs Namibia,Namibia
Stephan Baard,4,6,9,1,0,66.66,United Arab Emirates vs Namibia,Namibia
Jan Nicol Loftie-Eaton,1,6,17,0,0,16.66,United Arab Emirates vs Namibia,Namibia
Gerhard Erasmus (c),16,18,23,2,0,88.88,United Arab Emirates vs Namibia,Namibia
Jan Frylinck,14,17,33,1,0,82.35,United Arab Emirates vs Namibia,Namibia
JJ Smit,3,3,3,0,0,100.00,United Arab Emirates vs Namibia,Namibia
David Wiese,55,36,65,3,3,152.77,United Arab Emirates vs Namibia,Namibia
Zane Green †,2,3,3,0,0,66.66,United Arab Emirates vs Namibia,Namibia
Ruben Trumpelmann,25,24,43,1,1,104.16,United Arab Emirates vs Namibia,Namibia
Bernard Scholtz,1,1,-,0,0,100.00,United Arab Emirates vs Namibia,Namibia
Kyle Mayers,1,5,12,0,0,20.00,West Indies vs Ireland,West Indies
Johnson Charles,24,18,22,3,1,133.33,West Indies vs Ireland,West Indies
Evin Lewis,13,18,42,0,0,72.22,West Indies vs Ireland,West Indies
Brandon King,62,48,80,6,1,129.16,West Indies vs Ireland,West Indies
Nicholas Pooran (c)†,13,11,16,0,1,118.18,West Indies vs Ireland,West Indies
Rovman Powell,6,8,12,1,0,75.00,West Indies vs Ireland,West Indies
Odean Smith,19,12,18,1,2,158.33,West Indies vs Ireland,West Indies
Paul Stirling,66,48,79,6,2,137.50,West Indies vs Ireland,Ireland
Andy Balbirnie (c),37,23,34,3,3,160.86,West Indies vs Ireland,Ireland
Lorcan Tucker †,45,35,46,2,2,128.57,West Indies vs Ireland,Ireland
George Munsey,54,51,74,7,0,105.88,Scotland vs Zimbabwe,Scotland
Michael Jones,4,5,6,1,0,80.00,Scotland vs Zimbabwe,Scotland
Matthew Cross †,1,7,15,0,0,14.28,Scotland vs Zimbabwe,Scotland
Richie Berrington (c),13,15,24,0,0,86.66,Scotland vs Zimbabwe,Scotland
Calum MacLeod,25,26,46,1,0,96.15,Scotland vs Zimbabwe,Scotland
Michael Leask,12,9,11,2,0,133.33,Scotland vs Zimbabwe,Scotland
Chris Greaves,3,7,10,0,0,42.85,Scotland vs Zimbabwe,Scotland
Josh Davey,4,3,3,0,0,133.33,Scotland vs Zimbabwe,Scotland
Regis Chakabva †,4,3,3,1,0,133.33,Scotland vs Zimbabwe,Zimbabwe
Craig Ervine (c),58,54,79,6,0,107.40,Scotland vs Zimbabwe,Zimbabwe
Wessly Madhevere,0,5,8,0,0,0.00,Scotland vs Zimbabwe,Zimbabwe
Sean Williams,7,12,28,0,0,58.33,Scotland vs Zimbabwe,Zimbabwe
Sikandar Raza,40,23,34,3,2,173.91,Scotland vs Zimbabwe,Zimbabwe
Milton Shumba,11,11,16,0,0,100.00,Scotland vs Zimbabwe,Zimbabwe
Ryan Burl,9,5,7,1,0,180.00,Scotland vs Zimbabwe,Zimbabwe
Finn Allen,42,16,24,5,3,262.50,New Zealand vs Australia,New Zealand
Devon Conway †,92,58,106,7,2,158.62,New Zealand vs Australia,New Zealand
Kane Williamson (c),23,23,48,1,1,100.00,New Zealand vs Australia,New Zealand
Glenn Phillips,12,10,16,2,0,120.00,New Zealand vs Australia,New Zealand
James Neesham,26,13,19,0,2,200.00,New Zealand vs Australia,New Zealand
David Warner,5,6,7,1,0,83.33,New Zealand vs Australia,Australia
Aaron Finch (c),13,11,20,1,1,118.18,New Zealand vs Australia,Australia
Mitchell Marsh,16,12,17,2,1,133.33,New Zealand vs Australia,Australia
Glenn Maxwell,28,20,47,3,1,140.00,New Zealand vs Australia,Australia
Marcus Stoinis,7,14,16,0,0,50.00,New Zealand vs Australia,Australia
Tim David,11,8,12,0,1,137.50,New Zealand vs Australia,Australia
Matthew Wade †,2,4,10,0,0,50.00,New Zealand vs Australia,Australia
Pat Cummins,21,18,27,2,1,116.66,New Zealand vs Australia,Australia
Mitchell Starc,4,7,13,0,0,57.14,New Zealand vs Australia,Australia
Adam Zampa,0,2,3,0,0,0.00,New Zealand vs Australia,Australia
Josh Hazlewood,1,1,6,0,0,100.00,New Zealand vs Australia,Australia
Hazratullah Zazai,7,17,31,1,0,41.17,Afghanistan vs England,Afghanistan
Rahmanullah Gurbaz †,10,9,13,0,1,111.11,Afghanistan vs England,Afghanistan
Ibrahim Zadran,32,32,41,3,1,100.00,Afghanistan vs England,Afghanistan
Usman Ghani,30,30,60,3,0,100.00,Afghanistan vs England,Afghanistan
Najibullah Zadran,13,11,15,0,1,118.18,Afghanistan vs England,Afghanistan
Mohammad Nabi (c),3,5,7,0,0,60.00,Afghanistan vs England,Afghanistan
Azmatullah Omarzai,8,6,11,1,0,133.33,Afghanistan vs England,Afghanistan
Rashid Khan,0,1,2,0,0,0.00,Afghanistan vs England,Afghanistan
Mujeeb Ur Rahman,0,1,3,0,0,0.00,Afghanistan vs England,Afghanistan
Fareed Ahmad,2,4,7,0,0,50.00,Afghanistan vs England,Afghanistan
Fazalhaq Farooqi,0,2,3,0,0,0.00,Afghanistan vs England,Afghanistan
Jos Buttler (c)†,18,18,25,3,0,100.00,Afghanistan vs England,England
Alex Hales,19,20,41,0,1,95.00,Afghanistan vs England,England
Dawid Malan,18,30,40,0,0,60.00,Afghanistan vs England,England
Ben Stokes,2,4,11,0,0,50.00,Afghanistan vs England,England
Liam Livingstone,29,21,34,3,0,138.09,Afghanistan vs England,England
Harry Brook,7,6,9,0,0,116.66,Afghanistan vs England,England
Moeen Ali,8,10,13,0,0,80.00,Afghanistan vs England,England
Paul Stirling,34,25,45,4,1,136.00,Ireland vs Sri Lanka,Ireland
Andy Balbirnie (c),1,5,7,0,0,20.00,Ireland vs Sri Lanka,Ireland
Lorcan Tucker †,10,11,20,1,0,90.90,Ireland vs Sri Lanka,Ireland
Harry Tector,45,42,59,2,1,107.14,Ireland vs Sri Lanka,Ireland
Curtis Campher,2,4,6,0,0,50.00,Ireland vs Sri Lanka,Ireland
George Dockrell,14,16,25,0,0,87.50,Ireland vs Sri Lanka,Ireland
Gareth Delany,9,6,10,1,0,150.00,Ireland vs Sri Lanka,Ireland
Mark Adair,0,1,5,0,0,0.00,Ireland vs Sri Lanka,Ireland
Simi Singh,7,8,9,1,0,87.50,Ireland vs Sri Lanka,Ireland
Barry McCarthy,2,2,7,0,0,100.00,Ireland vs Sri Lanka,Ireland
Kusal Mendis †,68,43,68,5,3,158.13,Ireland vs Sri Lanka,Sri Lanka
Dhananjaya de Silva,31,25,35,2,1,124.00,Ireland vs Sri Lanka,Sri Lanka
Charith Asalanka,31,22,33,2,0,140.90,Ireland vs Sri Lanka,Sri Lanka
Mohammad Rizwan †,4,12,25,1,0,33.33,Pakistan vs India,Pakistan
Babar Azam (c),0,1,10,0,0,0.00,Pakistan vs India,Pakistan
Shan Masood,52,42,101,5,0,123.80,Pakistan vs India,Pakistan
Iftikhar Ahmed,51,34,43,2,4,150.00,Pakistan vs India,Pakistan
Shadab Khan,5,6,6,1,0,83.33,Pakistan vs India,Pakistan
Haider Ali,2,4,6,0,0,50.00,Pakistan vs India,Pakistan
Mohammad Nawaz,9,6,12,2,0,150.00,Pakistan vs India,Pakistan
Asif Ali,2,3,6,0,0,66.66,Pakistan vs India,Pakistan
Shaheen Shah Afridi,16,8,17,1,1,200.00,Pakistan vs India,Pakistan
Haris Rauf,6,4,3,0,1,150.00,Pakistan vs India,Pakistan
KL Rahul,4,8,13,0,0,50.00,Pakistan vs India,India
Rohit Sharma (c),4,7,20,0,0,57.14,Pakistan vs India,India
Virat Kohli,82,53,98,6,4,154.71,Pakistan vs India,India
Suryakumar Yadav,15,10,11,2,0,150.00,Pakistan vs India,India
Axar Patel,2,3,7,0,0,66.66,Pakistan vs India,India
Hardik Pandya,40,37,61,1,2,108.10,Pakistan vs India,India
Dinesh Karthik †,1,2,10,0,0,50.00,Pakistan vs India,India
Ravichandran Ashwin,1,1,2,0,0,100.00,Pakistan vs India,India
Najmul Hossain Shanto,25,20,31,4,0,125.00,Bangladesh vs Netherlands,Bangladesh
Soumya Sarkar,14,14,24,2,0,100.00,Bangladesh vs Netherlands,Bangladesh
Litton Das,9,11,17,0,0,81.81,Bangladesh vs Netherlands,Bangladesh
Shakib Al Hasan (c),7,9,14,0,0,77.77,Bangladesh vs Netherlands,Bangladesh
Afif Hossain,38,27,47,2,2,140.74,Bangladesh vs Netherlands,Bangladesh
Yasir Ali,3,5,9,0,0,60.00,Bangladesh vs Netherlands,Bangladesh
Nurul Hasan †,13,18,28,0,0,72.22,Bangladesh vs Netherlands,Bangladesh
Mosaddek Hossain,20,12,12,2,1,166.66,Bangladesh vs Netherlands,Bangladesh
Taskin Ahmed,0,1,3,0,0,0.00,Bangladesh vs Netherlands,Bangladesh
Hasan Mahmud,0,3,6,0,0,0.00,Bangladesh vs Netherlands,Bangladesh
Vikramjit Singh,0,1,4,0,0,0.00,Bangladesh vs Netherlands,Netherlands
Max O'Dowd,8,8,21,0,1,100.00,Bangladesh vs Netherlands,Netherlands
Bas de Leede,0,1,2,0,0,0.00,Bangladesh vs Netherlands,Netherlands
Colin Ackermann,62,48,77,6,2,129.16,Bangladesh vs Netherlands,Netherlands
Tom Cooper,0,0,2,0,0,-,Bangladesh vs Netherlands,Netherlands
Scott Edwards (c)†,16,24,33,1,0,66.66,Bangladesh vs Netherlands,Netherlands
Tim Pringle,1,6,5,0,0,16.66,Bangladesh vs Netherlands,Netherlands
Logan van Beek,2,5,9,0,0,40.00,Bangladesh vs Netherlands,Netherlands
Shariz Ahmad,9,8,9,1,0,112.50,Bangladesh vs Netherlands,Netherlands
Fred Klaassen,7,6,20,0,0,116.66,Bangladesh vs Netherlands,Netherlands
Paul van Meekeren,24,14,16,3,1,171.42,Bangladesh vs Netherlands,Netherlands
Regis Chakabva †,8,8,13,0,1,100.00,Zimbabwe vs South Africa,Zimbabwe
Craig Ervine (c),2,6,11,0,0,33.33,Zimbabwe vs South Africa,Zimbabwe
Sean Williams,1,1,10,0,0,100.00,Zimbabwe vs South Africa,Zimbabwe
Sikandar Raza,0,2,3,0,0,0.00,Zimbabwe vs South Africa,Zimbabwe
Wessly Madhevere,35,18,37,4,1,194.44,Zimbabwe vs South Africa,Zimbabwe
Milton Shumba,18,20,32,2,0,90.00,Zimbabwe vs South Africa,Zimbabwe
Quinton de Kock †,47,18,26,8,1,261.11,Zimbabwe vs South Africa,South Africa
Temba Bavuma (c),2,2,26,0,0,100.00,Zimbabwe vs South Africa,South Africa
Pathum Nissanka,40,45,65,2,0,88.88,Sri Lanka vs Australia,Sri Lanka
Kusal Mendis †,5,6,9,1,0,83.33,Sri Lanka vs Australia,Sri Lanka
Dhananjaya de Silva,26,23,47,3,0,113.04,Sri Lanka vs Australia,Sri Lanka
Charith Asalanka,38,25,45,3,2,152.00,Sri Lanka vs Australia,Sri Lanka
Bhanuka Rajapaksa,7,5,9,1,0,140.00,Sri Lanka vs Australia,Sri Lanka
Dasun Shanaka (c),3,5,6,0,0,60.00,Sri Lanka vs Australia,Sri Lanka
Wanindu Hasaranga de Silva,1,4,8,0,0,25.00,Sri Lanka vs Australia,Sri Lanka
Chamika Karunaratne,14,7,16,2,0,200.00,Sri Lanka vs Australia,Sri Lanka
David Warner,11,10,26,0,0,110.00,Sri Lanka vs Australia,Australia
Aaron Finch (c),31,42,89,0,1,73.80,Sri Lanka vs Australia,Australia
Mitchell Marsh,17,17,20,1,1,100.00,Sri Lanka vs Australia,Australia
Glenn Maxwell,23,12,21,2,2,191.66,Sri Lanka vs Australia,Australia
Marcus Stoinis,59,18,22,4,6,327.77,Sri Lanka vs Australia,Australia
Paul Stirling,14,8,16,1,1,175.00,Ireland vs England,Ireland
Andy Balbirnie (c),62,47,74,5,2,131.91,Ireland vs England,Ireland
Lorcan Tucker †,34,27,42,3,1,125.92,Ireland vs England,Ireland
Harry Tector,0,2,3,0,0,0.00,Ireland vs England,Ireland
Curtis Campher,18,11,22,3,0,163.63,Ireland vs England,Ireland
George Dockrell,0,1,2,0,0,0.00,Ireland vs England,Ireland
Gareth Delany,12,10,22,1,0,120.00,Ireland vs England,Ireland
Mark Adair,4,4,8,0,0,100.00,Ireland vs England,Ireland
Barry McCarthy,3,3,4,0,0,100.00,Ireland vs England,Ireland
Fionn Hand,1,2,4,0,0,50.00,Ireland vs England,Ireland
Josh Little,0,1,3,0,0,0.00,Ireland vs England,Ireland
Jos Buttler (c)†,0,2,3,0,0,0.00,Ireland vs England,England
Alex Hales,7,5,14,1,0,140.00,Ireland vs England,England
Dawid Malan,35,37,66,2,0,94.59,Ireland vs England,England
Ben Stokes,6,8,14,0,0,75.00,Ireland vs England,England
Harry Brook,18,21,30,1,0,85.71,Ireland vs England,England
Moeen Ali,24,12,18,3,1,200.00,Ireland vs England,England
Liam Livingstone,1,2,7,0,0,50.00,Ireland vs England,England
Temba Bavuma (c),2,6,6,0,0,33.33,South Africa vs Bangladesh,South Africa
Quinton de Kock †,63,38,77,7,3,165.78,South Africa vs Bangladesh,South Africa
Rilee Rossouw,109,56,90,7,8,194.64,South Africa vs Bangladesh,South Africa
Tristan Stubbs,7,7,9,1,0,100.00,South Africa vs Bangladesh,South Africa
Aiden Markram,10,11,16,1,0,90.90,South Africa vs Bangladesh,South Africa
David Miller,2,4,8,0,0,50.00,South Africa vs Bangladesh,South Africa
Wayne Parnell,0,2,2,0,0,0.00,South Africa vs Bangladesh,South Africa
Najmul Hossain Shanto,9,9,15,1,0,100.00,South Africa vs Bangladesh,Bangladesh
Soumya Sarkar,15,6,11,0,2,250.00,South Africa vs Bangladesh,Bangladesh
Litton Das,34,31,57,1,1,109.67,South Africa vs Bangladesh,Bangladesh
Shakib Al Hasan (c),1,4,11,0,0,25.00,South Africa vs Bangladesh,Bangladesh
Afif Hossain,1,5,8,0,0,20.00,South Africa vs Bangladesh,Bangladesh
Mehidy Hasan Miraz,11,13,17,0,0,84.61,South Africa vs Bangladesh,Bangladesh
Mosaddek Hossain,0,3,4,0,0,0.00,South Africa vs Bangladesh,Bangladesh
Nurul Hasan †,2,6,7,0,0,33.33,South Africa vs Bangladesh,Bangladesh
Taskin Ahmed,10,17,22,1,0,58.82,South Africa vs Bangladesh,Bangladesh
Hasan Mahmud,0,2,7,0,0,0.00,South Africa vs Bangladesh,Bangladesh
Mustafizur Rahman,9,3,8,0,1,300.00,South Africa vs Bangladesh,Bangladesh
KL Rahul,9,12,12,1,0,75.00,India vs Netherlands,India
Rohit Sharma (c),53,39,53,4,3,135.89,India vs Netherlands,India
Virat Kohli,62,44,79,3,2,140.90,India vs Netherlands,India
Suryakumar Yadav,51,25,38,7,1,204.00,India vs Netherlands,India
Vikramjit Singh,1,9,13,0,0,11.11,India vs Netherlands,Netherlands
Max O'Dowd,16,10,22,3,0,160.00,India vs Netherlands,Netherlands
Bas de Leede,16,23,27,0,0,69.56,India vs Netherlands,Netherlands
Colin Ackermann,17,21,31,1,0,80.95,India vs Netherlands,Netherlands
Tom Cooper,9,12,12,0,0,75.00,India vs Netherlands,Netherlands
Scott Edwards (c)†,5,8,21,0,0,62.50,India vs Netherlands,Netherlands
Tim Pringle,20,15,14,1,1,133.33,India vs Netherlands,Netherlands
Logan van Beek,3,5,11,0,0,60.00,India vs Netherlands,Netherlands
Shariz Ahmad,16,11,18,2,0,145.45,India vs Netherlands,Netherlands
Fred Klaassen,0,1,3,0,0,0.00,India vs Netherlands,Netherlands
Paul van Meekeren,14,6,9,3,0,233.33,India vs Netherlands,Netherlands
Wessly Madhevere,17,13,30,3,0,130.76,Zimbabwe vs Pakistan,Zimbabwe
Craig Ervine (c),19,19,26,2,0,100.00,Zimbabwe vs Pakistan,Zimbabwe
Milton Shumba,8,10,22,1,0,80.00,Zimbabwe vs Pakistan,Zimbabwe
Sean Williams,31,28,37,3,0,110.71,Zimbabwe vs Pakistan,Zimbabwe
Sikandar Raza,9,16,22,1,0,56.25,Zimbabwe vs Pakistan,Zimbabwe
Regis Chakabva †,0,1,2,0,0,0.00,Zimbabwe vs Pakistan,Zimbabwe
Ryan Burl,10,15,30,0,0,66.66,Zimbabwe vs Pakistan,Zimbabwe
Luke Jongwe,0,1,2,0,0,0.00,Zimbabwe vs Pakistan,Zimbabwe
Brad Evans,19,15,24,0,1,126.66,Zimbabwe vs Pakistan,Zimbabwe
Richard Ngarava,3,2,3,0,0,150.00,Zimbabwe vs Pakistan,Zimbabwe
Mohammad Rizwan †,14,16,23,1,1,87.50,Zimbabwe vs Pakistan,Pakistan
Babar Azam (c),4,9,17,1,0,44.44,Zimbabwe vs Pakistan,Pakistan
Shan Masood,44,38,61,3,0,115.78,Zimbabwe vs Pakistan,Pakistan
Iftikhar Ahmed,5,10,16,1,0,50.00,Zimbabwe vs Pakistan,Pakistan
Shadab Khan,17,14,27,0,1,121.42,Zimbabwe vs Pakistan,Pakistan
Haider Ali,0,1,3,0,0,0.00,Zimbabwe vs Pakistan,Pakistan
Mohammad Nawaz,22,18,36,1,1,122.22,Zimbabwe vs Pakistan,Pakistan
Mohammad Wasim,12,13,29,2,0,92.30,Zimbabwe vs Pakistan,Pakistan
Shaheen Shah Afridi,1,1,3,0,0,100.00,Zimbabwe vs Pakistan,Pakistan
Finn Allen,1,3,3,0,0,33.33,New Zealand vs Sri Lanka,New Zealand
Devon Conway †,1,4,14,0,0,25.00,New Zealand vs Sri Lanka,New Zealand
Kane Williamson (c),8,13,18,1,0,61.53,New Zealand vs Sri Lanka,New Zealand
Glenn Phillips,104,64,87,10,4,162.50,New Zealand vs Sri Lanka,New Zealand
Daryl Mitchell,22,24,52,0,0,91.66,New Zealand vs Sri Lanka,New Zealand
James Neesham,5,8,15,0,0,62.50,New Zealand vs Sri Lanka,New Zealand
Mitchell Santner,11,5,17,0,1,220.00,New Zealand vs Sri Lanka,New Zealand
Ish Sodhi,1,1,3,0,0,100.00,New Zealand vs Sri Lanka,New Zealand
Tim Southee,4,1,1,1,0,400.00,New Zealand vs Sri Lanka,New Zealand
Pathum Nissanka,0,5,5,0,0,0.00,New Zealand vs Sri Lanka,Sri Lanka
Kusal Mendis †,4,3,9,1,0,133.33,New Zealand vs Sri Lanka,Sri Lanka
Dhananjaya de Silva,0,3,8,0,0,0.00,New Zealand vs Sri Lanka,Sri Lanka
Charith Asalanka,4,8,11,0,0,50.00,New Zealand vs Sri Lanka,Sri Lanka
Bhanuka Rajapaksa,34,22,38,3,2,154.54,New Zealand vs Sri Lanka,Sri Lanka
Chamika Karunaratne,3,8,13,0,0,37.50,New Zealand vs Sri Lanka,Sri Lanka
Dasun Shanaka (c),35,32,49,4,1,109.37,New Zealand vs Sri Lanka,Sri Lanka
Wanindu Hasaranga de Silva,4,6,6,1,0,66.66,New Zealand vs Sri Lanka,Sri Lanka
Maheesh Theekshana,0,3,5,0,0,0.00,New Zealand vs Sri Lanka,Sri Lanka
Kasun Rajitha,8,21,30,0,0,38.09,New Zealand vs Sri Lanka,Sri Lanka
Lahiru Kumara,4,5,10,1,0,80.00,New Zealand vs Sri Lanka,Sri Lanka
Najmul Hossain Shanto,71,55,77,7,1,129.09,Bangladesh vs Zimbabwe,Bangladesh
Soumya Sarkar,0,2,9,0,0,0.00,Bangladesh vs Zimbabwe,Bangladesh
Litton Das,14,12,22,3,0,116.66,Bangladesh vs Zimbabwe,Bangladesh
Shakib Al Hasan (c),23,20,32,1,0,115.00,Bangladesh vs Zimbabwe,Bangladesh
Afif Hossain,29,19,40,1,1,152.63,Bangladesh vs Zimbabwe,Bangladesh
Mosaddek Hossain,7,10,18,0,0,70.00,Bangladesh vs Zimbabwe,Bangladesh
Nurul Hasan †,1,1,5,0,0,100.00,Bangladesh vs Zimbabwe,Bangladesh
Yasir Ali,1,1,3,0,0,100.00,Bangladesh vs Zimbabwe,Bangladesh
Wessly Madhevere,4,3,1,1,0,133.33,Bangladesh vs Zimbabwe,Zimbabwe
Craig Ervine (c),8,7,16,2,0,114.28,Bangladesh vs Zimbabwe,Zimbabwe
Milton Shumba,8,15,24,1,0,53.33,Bangladesh vs Zimbabwe,Zimbabwe
Sean Williams,64,42,75,8,0,152.38,Bangladesh vs Zimbabwe,Zimbabwe
Sikandar Raza,0,3,4,0,0,0.00,Bangladesh vs Zimbabwe,Zimbabwe
Regis Chakabva †,15,19,24,0,0,78.94,Bangladesh vs Zimbabwe,Zimbabwe
Ryan Burl,27,25,50,2,1,108.00,Bangladesh vs Zimbabwe,Zimbabwe
Brad Evans,2,2,5,0,0,100.00,Bangladesh vs Zimbabwe,Zimbabwe
Richard Ngarava,6,3,6,0,1,200.00,Bangladesh vs Zimbabwe,Zimbabwe
Blessing Muzarabani,0,2,6,0,0,0.00,Bangladesh vs Zimbabwe,Zimbabwe
Stephan Myburgh,6,11,13,1,0,54.54,Netherlands vs Pakistan,Netherlands
Max O'Dowd,8,13,41,0,0,61.53,Netherlands vs Pakistan,Netherlands
Bas de Leede,6,16,15,1,0,37.50,Netherlands vs Pakistan,Netherlands
Tom Cooper,1,2,4,0,0,50.00,Netherlands vs Pakistan,Netherlands
Colin Ackermann,27,27,40,2,0,100.00,Netherlands vs Pakistan,Netherlands
Scott Edwards (c)†,15,20,38,1,0,75.00,Netherlands vs Pakistan,Netherlands
Roelof van der Merwe,5,6,12,0,0,83.33,Netherlands vs Pakistan,Netherlands
Tim Pringle,5,8,15,0,0,62.50,Netherlands vs Pakistan,Netherlands
Logan van Beek,6,9,18,0,0,66.66,Netherlands vs Pakistan,Netherlands
Fred Klaassen,0,1,1,0,0,0.00,Netherlands vs Pakistan,Netherlands
Paul van Meekeren,7,7,8,0,0,100.00,Netherlands vs Pakistan,Netherlands
Mohammad Rizwan †,49,39,66,5,0,125.64,Netherlands vs Pakistan,Pakistan
Babar Azam (c),4,5,10,1,0,80.00,Netherlands vs Pakistan,Pakistan
Fakhar Zaman,20,16,27,3,0,125.00,Netherlands vs Pakistan,Pakistan
Shan Masood,12,16,35,0,0,75.00,Netherlands vs Pakistan,Pakistan
Iftikhar Ahmed,6,5,10,0,0,120.00,Netherlands vs Pakistan,Pakistan
Shadab Khan,4,2,2,1,0,200.00,Netherlands vs Pakistan,Pakistan
KL Rahul,9,14,25,0,1,64.28,India vs South Africa,India
Rohit Sharma (c),15,14,22,1,1,107.14,India vs South Africa,India
Virat Kohli,12,11,13,2,0,109.09,India vs South Africa,India
Suryakumar Yadav,68,40,68,6,3,170.00,India vs South Africa,India
Deepak Hooda,0,3,4,0,0,0.00,India vs South Africa,India
Hardik Pandya,2,3,6,0,0,66.66,India vs South Africa,India
Dinesh Karthik †,6,15,33,0,0,40.00,India vs South Africa,India
Ravichandran Ashwin,7,11,15,0,0,63.63,India vs South Africa,India
Bhuvneshwar Kumar,4,6,9,0,0,66.66,India vs South Africa,India
Mohammed Shami,0,2,5,0,0,0.00,India vs South Africa,India
Arshdeep Singh,2,1,2,0,0,200.00,India vs South Africa,India
Quinton de Kock †,1,3,7,0,0,33.33,India vs South Africa,South Africa
Temba Bavuma (c),10,15,30,0,1,66.66,India vs South Africa,South Africa
Rilee Rossouw,0,2,4,0,0,0.00,India vs South Africa,South Africa
Aiden Markram,52,41,72,6,1,126.82,India vs South Africa,South Africa
David Miller,59,46,78,4,3,128.26,India vs South Africa,South Africa
Tristan Stubbs,6,6,15,1,0,100.00,India vs South Africa,South Africa
Wayne Parnell,2,5,11,0,0,40.00,India vs South Africa,South Africa
David Warner,3,7,13,0,0,42.85,Australia vs Ireland,Australia
Aaron Finch (c),63,44,87,5,3,143.18,Australia vs Ireland,Australia
Mitchell Marsh,28,22,28,2,2,127.27,Australia vs Ireland,Australia
Glenn Maxwell,13,9,18,0,1,144.44,Australia vs Ireland,Australia
Marcus Stoinis,35,25,41,3,1,140.00,Australia vs Ireland,Australia
Tim David,15,10,15,2,0,150.00,Australia vs Ireland,Australia
Matthew Wade †,7,3,7,1,0,233.33,Australia vs Ireland,Australia
Paul Stirling,11,7,11,1,1,157.14,Australia vs Ireland,Ireland
Andy Balbirnie (c),6,7,11,0,1,85.71,Australia vs Ireland,Ireland
Lorcan Tucker †,71,48,81,9,1,147.91,Australia vs Ireland,Ireland
Harry Tector,6,4,3,1,0,150.00,Australia vs Ireland,Ireland
Curtis Campher,0,1,5,0,0,0.00,Australia vs Ireland,Ireland
George Dockrell,0,4,4,0,0,0.00,Australia vs Ireland,Ireland
Gareth Delany,14,10,27,2,0,140.00,Australia vs Ireland,Ireland
Mark Adair,11,11,13,1,0,100.00,Australia vs Ireland,Ireland
Fionn Hand,6,6,10,1,0,100.00,Australia vs Ireland,Ireland
Barry McCarthy,3,7,16,0,0,42.85,Australia vs Ireland,Ireland
Josh Little,1,5,6,0,0,20.00,Australia vs Ireland,Ireland
Rahmanullah Gurbaz †,28,24,33,2,2,116.66,Afghanistan vs Sri Lanka,Afghanistan
Usman Ghani,27,27,54,2,1,100.00,Afghanistan vs Sri Lanka,Afghanistan
Ibrahim Zadran,22,18,35,1,1,122.22,Afghanistan vs Sri Lanka,Afghanistan
Najibullah Zadran,18,16,29,1,0,112.50,Afghanistan vs Sri Lanka,Afghanistan
Gulbadin Naib,12,14,25,0,0,85.71,Afghanistan vs Sri Lanka,Afghanistan
Mohammad Nabi (c),13,8,15,1,0,162.50,Afghanistan vs Sri Lanka,Afghanistan
Rashid Khan,9,8,10,1,0,112.50,Afghanistan vs Sri Lanka,Afghanistan
Azmatullah Omarzai,3,4,3,0,0,75.00,Afghanistan vs Sri Lanka,Afghanistan
Mujeeb Ur Rahman,1,2,1,0,0,50.00,Afghanistan vs Sri Lanka,Afghanistan
Pathum Nissanka,10,10,10,2,0,100.00,Afghanistan vs Sri Lanka,Sri Lanka
Kusal Mendis †,25,27,33,2,1,92.59,Afghanistan vs Sri Lanka,Sri Lanka
Dhananjaya de Silva,66,42,78,6,2,157.14,Afghanistan vs Sri Lanka,Sri Lanka
Charith Asalanka,19,18,27,1,0,105.55,Afghanistan vs Sri Lanka,Sri Lanka
Bhanuka Rajapaksa,18,14,24,3,0,128.57,Afghanistan vs Sri Lanka,Sri Lanka
Dasun Shanaka (c),0,0,4,0,0,-,Afghanistan vs Sri Lanka,Sri Lanka
Jos Buttler (c)†,73,47,82,7,2,155.31,England vs New Zealand,England
Alex Hales,52,40,46,7,1,130.00,England vs New Zealand,England
Moeen Ali,5,6,13,0,0,83.33,England vs New Zealand,England
Liam Livingstone,20,14,20,1,1,142.85,England vs New Zealand,England
Harry Brook,7,3,6,0,1,233.33,England vs New Zealand,England
Ben Stokes,8,7,11,0,0,114.28,England vs New Zealand,England
Sam Curran,6,3,7,0,1,200.00,England vs New Zealand,England
Dawid Malan,3,1,1,0,0,300.00,England vs New Zealand,England
Finn Allen,16,11,25,0,1,145.45,England vs New Zealand,New Zealand
Devon Conway †,3,9,12,0,0,33.33,England vs New Zealand,New Zealand
Kane Williamson (c),40,40,57,3,0,100.00,England vs New Zealand,New Zealand
Glenn Phillips,62,36,64,4,3,172.22,England vs New Zealand,New Zealand
James Neesham,6,3,7,1,0,200.00,England vs New Zealand,New Zealand
Daryl Mitchell,3,5,10,0,0,60.00,England vs New Zealand,New Zealand
Mitchell Santner,16,10,19,0,1,160.00,England vs New Zealand,New Zealand
Ish Sodhi,6,6,4,0,0,100.00,England vs New Zealand,New Zealand
Wessly Madhevere,1,5,9,0,0,20.00,Zimbabwe vs Netherlands,Zimbabwe
Craig Ervine (c),3,12,18,0,0,25.00,Zimbabwe vs Netherlands,Zimbabwe
Regis Chakabva †,5,16,18,1,0,31.25,Zimbabwe vs Netherlands,Zimbabwe
Sean Williams,28,23,39,3,0,121.73,Zimbabwe vs Netherlands,Zimbabwe
Sikandar Raza,40,24,46,3,3,166.66,Zimbabwe vs Netherlands,Zimbabwe
Milton Shumba,2,3,6,0,0,66.66,Zimbabwe vs Netherlands,Zimbabwe
Ryan Burl,2,7,19,0,0,28.57,Zimbabwe vs Netherlands,Zimbabwe
Luke Jongwe,6,8,12,0,0,75.00,Zimbabwe vs Netherlands,Zimbabwe
Richard Ngarava,9,7,12,0,1,128.57,Zimbabwe vs Netherlands,Zimbabwe
Tendai Chatara,6,7,15,0,0,85.71,Zimbabwe vs Netherlands,Zimbabwe
Blessing Muzarabani,1,4,9,0,0,25.00,Zimbabwe vs Netherlands,Zimbabwe
Stephan Myburgh,8,7,15,0,1,114.28,Zimbabwe vs Netherlands,Netherlands
Max O'Dowd,52,47,70,8,1,110.63,Zimbabwe vs Netherlands,Netherlands
Tom Cooper,32,29,42,2,1,110.34,Zimbabwe vs Netherlands,Netherlands
Colin Ackermann,1,5,6,0,0,20.00,Zimbabwe vs Netherlands,Netherlands
Bas de Leede,12,12,21,2,0,100.00,Zimbabwe vs Netherlands,Netherlands
Scott Edwards (c)†,5,6,8,1,0,83.33,Zimbabwe vs Netherlands,Netherlands
Roelof van der Merwe,0,3,6,0,0,0.00,Zimbabwe vs Netherlands,Netherlands
KL Rahul,50,32,49,3,4,156.25,India vs Bangladesh,India
Rohit Sharma (c),2,8,18,0,0,25.00,India vs Bangladesh,India
Virat Kohli,64,44,84,8,1,145.45,India vs Bangladesh,India
Suryakumar Yadav,30,16,18,4,0,187.50,India vs Bangladesh,India
Hardik Pandya,5,6,8,0,0,83.33,India vs Bangladesh,India
Dinesh Karthik †,7,5,12,1,0,140.00,India vs Bangladesh,India
Axar Patel,7,6,6,1,0,116.66,India vs Bangladesh,India
Ravichandran Ashwin,13,6,9,1,1,216.66,India vs Bangladesh,India
Najmul Hossain Shanto,21,25,50,1,1,84.00,India vs Bangladesh,Bangladesh
Litton Das,60,27,40,7,3,222.22,India vs Bangladesh,Bangladesh
Shakib Al Hasan (c),13,12,24,2,0,108.33,India vs Bangladesh,Bangladesh
Afif Hossain,3,5,12,0,0,60.00,India vs Bangladesh,Bangladesh
Yasir Ali,1,3,8,0,0,33.33,India vs Bangladesh,Bangladesh
Nurul Hasan †,25,14,29,2,1,178.57,India vs Bangladesh,Bangladesh
Mosaddek Hossain,6,3,4,0,1,200.00,India vs Bangladesh,Bangladesh
Taskin Ahmed,12,7,22,1,1,171.42,India vs Bangladesh,Bangladesh
Mohammad Rizwan †,4,4,4,1,0,100.00,Pakistan vs South Africa,Pakistan
Babar Azam (c),6,15,29,0,0,40.00,Pakistan vs South Africa,Pakistan
Mohammad Haris,28,11,19,2,3,254.54,Pakistan vs South Africa,Pakistan
Shan Masood,2,6,11,0,0,33.33,Pakistan vs South Africa,Pakistan
Iftikhar Ahmed,51,35,73,3,2,145.71,Pakistan vs South Africa,Pakistan
Mohammad Nawaz,28,22,32,4,1,127.27,Pakistan vs South Africa,Pakistan
Shadab Khan,52,22,31,3,4,236.36,Pakistan vs South Africa,Pakistan
Mohammad Wasim,0,1,1,0,0,0.00,Pakistan vs South Africa,Pakistan
Naseem Shah,5,3,3,0,0,166.66,Pakistan vs South Africa,Pakistan
Haris Rauf,3,2,2,0,0,150.00,Pakistan vs South Africa,Pakistan
Temba Bavuma (c),36,19,39,4,1,189.47,Pakistan vs South Africa,South Africa
Quinton de Kock †,0,5,6,0,0,0.00,Pakistan vs South Africa,South Africa
Rilee Rossouw,7,6,10,0,1,116.66,Pakistan vs South Africa,South Africa
Aiden Markram,20,14,28,4,0,142.85,Pakistan vs South Africa,South Africa
Heinrich Klaasen,15,9,18,3,0,166.66,Pakistan vs South Africa,South Africa
Tristan Stubbs,18,18,28,0,1,100.00,Pakistan vs South Africa,South Africa
Wayne Parnell,3,4,9,0,0,75.00,Pakistan vs South Africa,South Africa
Kagiso Rabada,1,2,11,0,0,50.00,Pakistan vs South Africa,South Africa
Anrich Nortje,1,5,8,0,0,20.00,Pakistan vs South Africa,South Africa
Lungi Ngidi,4,1,5,1,0,400.00,Pakistan vs South Africa,South Africa
Tabraiz Shamsi,1,1,3,0,0,100.00,Pakistan vs South Africa,South Africa
Finn Allen,32,18,30,5,1,177.77,New Zealand vs Ireland,New Zealand
Devon Conway †,28,33,55,2,0,84.84,New Zealand vs Ireland,New Zealand
Kane Williamson (c),61,35,59,5,3,174.28,New Zealand vs Ireland,New Zealand
Glenn Phillips,17,9,9,2,1,188.88,New Zealand vs Ireland,New Zealand
Daryl Mitchell,31,21,35,2,0,147.61,New Zealand vs Ireland,New Zealand
James Neesham,0,1,3,0,0,0.00,New Zealand vs Ireland,New Zealand
Mitchell Santner,0,1,2,0,0,0.00,New Zealand vs Ireland,New Zealand
Tim Southee,1,2,7,0,0,50.00,New Zealand vs Ireland,New Zealand
Paul Stirling,37,27,39,3,1,137.03,New Zealand vs Ireland,Ireland
Andy Balbirnie (c),30,25,36,0,3,120.00,New Zealand vs Ireland,Ireland
Lorcan Tucker †,13,14,30,0,0,92.85,New Zealand vs Ireland,Ireland
Harry Tector,2,7,4,0,0,28.57,New Zealand vs Ireland,Ireland
Gareth Delany,10,8,12,2,0,125.00,New Zealand vs Ireland,Ireland
George Dockrell,23,15,24,3,0,153.33,New Zealand vs Ireland,Ireland
Curtis Campher,7,7,10,1,0,100.00,New Zealand vs Ireland,Ireland
Fionn Hand,5,3,7,1,0,166.66,New Zealand vs Ireland,Ireland
Mark Adair,4,5,9,0,0,80.00,New Zealand vs Ireland,Ireland
Barry McCarthy,6,5,10,0,0,120.00,New Zealand vs Ireland,Ireland
Josh Little,8,4,3,0,1,200.00,New Zealand vs Ireland,Ireland
David Warner,25,18,28,5,0,138.88,Australia vs Afghanistan,Australia
Cameron Green,3,2,12,0,0,150.00,Australia vs Afghanistan,Australia
Mitchell Marsh,45,30,42,3,2,150.00,Australia vs Afghanistan,Australia
Steven Smith,4,4,6,1,0,100.00,Australia vs Afghanistan,Australia
Marcus Stoinis,25,21,41,0,2,119.04,Australia vs Afghanistan,Australia
Glenn Maxwell,54,32,46,6,2,168.75,Australia vs Afghanistan,Australia
Matthew Wade (c)†,6,8,14,1,0,75.00,Australia vs Afghanistan,Australia
Pat Cummins,0,2,4,0,0,0.00,Australia vs Afghanistan,Australia
Kane Richardson,1,1,6,0,0,100.00,Australia vs Afghanistan,Australia
Adam Zampa,1,1,5,0,0,100.00,Australia vs Afghanistan,Australia
Rahmanullah Gurbaz †,30,17,31,2,2,176.47,Australia vs Afghanistan,Afghanistan
Usman Ghani,2,7,16,0,0,28.57,Australia vs Afghanistan,Afghanistan
Ibrahim Zadran,26,33,55,2,0,78.78,Australia vs Afghanistan,Afghanistan
Gulbadin Naib,39,23,38,3,2,169.56,Australia vs Afghanistan,Afghanistan
Mohammad Nabi (c),1,2,10,0,0,50.00,Australia vs Afghanistan,Afghanistan
Najibullah Zadran,0,2,3,0,0,0.00,Australia vs Afghanistan,Afghanistan
Darwish Rasooli,15,13,28,1,0,115.38,Australia vs Afghanistan,Afghanistan
Rashid Khan,48,23,27,3,4,208.69,Australia vs Afghanistan,Afghanistan
Naveen-ul-Haq,0,0,4,0,0,-,Australia vs Afghanistan,Afghanistan
Pathum Nissanka,67,45,70,2,5,148.88,Sri Lanka vs England,Sri Lanka
Kusal Mendis †,18,14,21,1,1,128.57,Sri Lanka vs England,Sri Lanka
Dhananjaya de Silva,9,11,17,0,0,81.81,Sri Lanka vs England,Sri Lanka
Charith Asalanka,8,9,15,0,0,88.88,Sri Lanka vs England,Sri Lanka
Bhanuka Rajapaksa,22,22,41,3,0,100.00,Sri Lanka vs England,Sri Lanka
Dasun Shanaka (c),3,8,12,0,0,37.50,Sri Lanka vs England,Sri Lanka
Wanindu Hasaranga de Silva,9,9,13,1,0,100.00,Sri Lanka vs England,Sri Lanka
Chamika Karunaratne,0,2,3,0,0,0.00,Sri Lanka vs England,Sri Lanka
Maheesh Theekshana,0,0,2,0,0,-,Sri Lanka vs England,Sri Lanka
Jos Buttler (c)†,28,23,35,2,1,121.73,Sri Lanka vs England,England
Alex Hales,47,30,42,7,1,156.66,Sri Lanka vs England,England
Ben Stokes,42,36,59,2,0,116.66,Sri Lanka vs England,England
Harry Brook,4,5,9,0,0,80.00,Sri Lanka vs England,England
Liam Livingstone,4,6,10,0,0,66.66,Sri Lanka vs England,England
Moeen Ali,1,5,8,0,0,20.00,Sri Lanka vs England,England
Sam Curran,6,11,16,0,0,54.54,Sri Lanka vs England,England
Chris Woakes,5,3,11,1,0,166.66,Sri Lanka vs England,England
Stephan Myburgh,37,30,41,7,0,123.33,Netherlands vs South Africa,Netherlands
Max O'Dowd,29,31,61,1,1,93.54,Netherlands vs South Africa,Netherlands
Tom Cooper,35,19,30,2,2,184.21,Netherlands vs South Africa,Netherlands
Colin Ackermann,41,26,31,3,2,157.69,Netherlands vs South Africa,Netherlands
Bas de Leede,1,7,11,0,0,14.28,Netherlands vs South Africa,Netherlands
Scott Edwards (c)†,12,7,11,2,0,171.42,Netherlands vs South Africa,Netherlands
Quinton de Kock †,13,13,12,1,1,100.00,Netherlands vs South Africa,South Africa
Temba Bavuma (c),20,20,26,2,0,100.00,Netherlands vs South Africa,South Africa
Rilee Rossouw,25,19,29,2,0,131.57,Netherlands vs South Africa,South Africa
Aiden Markram,17,13,30,2,0,130.76,Netherlands vs South Africa,South Africa
David Miller,17,17,28,1,0,100.00,Netherlands vs South Africa,South Africa
Heinrich Klaasen,21,18,27,0,1,116.66,Netherlands vs South Africa,South Africa
Wayne Parnell,0,2,3,0,0,0.00,Netherlands vs South Africa,South Africa
Keshav Maharaj,13,12,20,0,1,108.33,Netherlands vs South Africa,South Africa
Kagiso Rabada,9,8,13,0,0,112.50,Netherlands vs South Africa,South Africa
Anrich Nortje,4,1,2,1,0,400.00,Netherlands vs South Africa,South Africa
Najmul Hossain Shanto,54,48,66,7,0,112.50,Bangladesh vs Pakistan,Bangladesh
Litton Das,10,8,15,0,1,125.00,Bangladesh vs Pakistan,Bangladesh
Soumya Sarkar,20,17,38,1,1,117.64,Bangladesh vs Pakistan,Bangladesh
Shakib Al Hasan (c),0,1,4,0,0,0.00,Bangladesh vs Pakistan,Bangladesh
Afif Hossain,24,20,47,3,0,120.00,Bangladesh vs Pakistan,Bangladesh
Mosaddek Hossain,5,11,17,0,0,45.45,Bangladesh vs Pakistan,Bangladesh
Nurul Hasan †,0,3,4,0,0,0.00,Bangladesh vs Pakistan,Bangladesh
Taskin Ahmed,1,5,8,0,0,20.00,Bangladesh vs Pakistan,Bangladesh
Nasum Ahmed,7,6,9,1,0,116.66,Bangladesh vs Pakistan,Bangladesh
Mustafizur Rahman,0,1,1,0,0,0.00,Bangladesh vs Pakistan,Bangladesh
Mohammad Rizwan †,32,32,51,2,1,100.00,Bangladesh vs Pakistan,Pakistan
Babar Azam (c),25,33,46,2,0,75.75,Bangladesh vs Pakistan,Pakistan
Mohammad Nawaz,4,11,27,0,0,36.36,Bangladesh vs Pakistan,Pakistan
Mohammad Haris,31,18,31,1,2,172.22,Bangladesh vs Pakistan,Pakistan
Shan Masood,24,14,20,2,0,171.42,Bangladesh vs Pakistan,Pakistan
Iftikhar Ahmed,1,3,8,0,0,33.33,Bangladesh vs Pakistan,Pakistan
Shadab Khan,0,0,2,0,0,-,Bangladesh vs Pakistan,Pakistan
KL Rahul,51,35,59,3,3,145.71,India vs Zimbabwe,India
Rohit Sharma (c),15,13,20,2,0,115.38,India vs Zimbabwe,India
Virat Kohli,26,25,36,2,0,104.00,India vs Zimbabwe,India
Suryakumar Yadav,61,25,44,6,4,244.00,India vs Zimbabwe,India
Rishabh Pant †,3,5,7,0,0,60.00,India vs Zimbabwe,India
Hardik Pandya,18,18,29,2,0,100.00,India vs Zimbabwe,India
Axar Patel,0,0,6,0,0,-,India vs Zimbabwe,India
Wessly Madhevere,0,1,1,0,0,0.00,India vs Zimbabwe,Zimbabwe
Craig Ervine (c),13,15,37,2,0,86.66,India vs Zimbabwe,Zimbabwe
Regis Chakabva †,0,6,9,0,0,0.00,India vs Zimbabwe,Zimbabwe
Sean Williams,11,18,22,0,1,61.11,India vs Zimbabwe,Zimbabwe
Sikandar Raza,34,24,53,3,0,141.66,India vs Zimbabwe,Zimbabwe
Tony Munyonga,5,4,6,1,0,125.00,India vs Zimbabwe,Zimbabwe
Ryan Burl,35,22,27,5,1,159.09,India vs Zimbabwe,Zimbabwe
Wellington Masakadza,1,7,8,0,0,14.28,India vs Zimbabwe,Zimbabwe
Richard Ngarava,1,2,4,0,0,50.00,India vs Zimbabwe,Zimbabwe
Tendai Chatara,4,4,11,1,0,100.00,India vs Zimbabwe,Zimbabwe
Blessing Muzarabani,0,2,5,0,0,0.00,India vs Zimbabwe,Zimbabwe
Finn Allen,4,3,6,1,0,133.33,New Zealand vs Pakistan,New Zealand
Devon Conway †,21,20,35,3,0,105.00,New Zealand vs Pakistan,New Zealand
Kane Williamson (c),46,42,81,1,1,109.52,New Zealand vs Pakistan,New Zealand
Glenn Phillips,6,8,9,1,0,75.00,New Zealand vs Pakistan,New Zealand
Daryl Mitchell,53,35,60,3,1,151.42,New Zealand vs Pakistan,New Zealand
James Neesham,16,12,19,1,0,133.33,New Zealand vs Pakistan,New Zealand
Mohammad Rizwan †,57,43,77,5,0,132.55,New Zealand vs Pakistan,Pakistan
Babar Azam (c),53,42,56,7,0,126.19,New Zealand vs Pakistan,Pakistan
Mohammad Haris,30,26,32,2,1,115.38,New Zealand vs Pakistan,Pakistan
Shan Masood,3,4,13,0,0,75.00,New Zealand vs Pakistan,Pakistan
Iftikhar Ahmed,0,0,3,0,0,-,New Zealand vs Pakistan,Pakistan
KL Rahul,5,5,8,1,0,100.00,India vs England,India
Rohit Sharma (c),27,28,37,4,0,96.42,India vs England,India
Virat Kohli,50,40,75,4,1,125.00,India vs England,India
Suryakumar Yadav,14,10,14,1,1,140.00,India vs England,India
Hardik Pandya,63,33,47,4,5,190.90,India vs England,India
Rishabh Pant †,6,4,13,1,0,150.00,India vs England,India
Ravichandran Ashwin,0,0,4,0,0,-,India vs England,India
Jos Buttler (c)†,80,49,74,9,3,163.26,India vs England,England
Alex Hales,86,47,74,4,7,182.97,India vs England,England
Mohammad Rizwan †,15,14,24,0,1,107.14,Pakistan vs England,Pakistan
Babar Azam (c),32,28,58,2,0,114.28,Pakistan vs England,Pakistan
Mohammad Haris,8,12,15,1,0,66.66,Pakistan vs England,Pakistan
Shan Masood,38,28,46,2,1,135.71,Pakistan vs England,Pakistan
Iftikhar Ahmed,0,6,8,0,0,0.00,Pakistan vs England,Pakistan
Shadab Khan,20,14,26,2,0,142.85,Pakistan vs England,Pakistan
Mohammad Nawaz,5,7,11,0,0,71.42,Pakistan vs England,Pakistan
Mohammad Wasim,4,8,12,0,0,50.00,Pakistan vs England,Pakistan
Shaheen Shah Afridi,5,3,8,1,0,166.66,Pakistan vs England,Pakistan
Haris Rauf,1,1,3,0,0,100.00,Pakistan vs England,Pakistan
Jos Buttler (c)†,26,17,33,3,1,152.94,Pakistan vs England,England
Alex Hales,1,2,6,0,0,50.00,Pakistan vs England,England
Phil Salt,10,9,16,2,0,111.11,Pakistan vs England,England
Ben Stokes,52,49,81,5,1,106.12,Pakistan vs England,England
Harry Brook,20,23,36,1,0,86.95,Pakistan vs England,England
Moeen Ali,19,13,30,3,0,146.15,Pakistan vs England,England
Liam Livingstone,1,1,3,0,0,100.00,Pakistan vs England,England
